ip,anonymityLevel,asn,country,isp,latency,org,port,protocols,responseTime,speed,updated_at,upTime,upTimeSuccessCount,upTimeTryCount
"177.38.5.33","elite","AS52964","BR","FÁBIO MENDES DIAS LTDA ME","209","FÁBIO MENDES DIAS LTDA ME","4153","socks4","149","1","2024-01-08T16:39:22.799Z","92","5159","5591"
"172.67.0.21","elite","AS13335","CA","Cloudflare, Inc.","81","Cloudflare, Inc.","13335","socks4","439","1","2024-01-08T16:39:22.427Z","100","5576","5576"
"154.66.108.32","elite","AS37642","LS","Comnet Pty Ltd","187","ISPClients","3629","socks4","254","45","2024-01-08T16:39:22.734Z","86","4770","5524"
"197.234.13.62","elite","AS36902","SC","Intelvision","171","Intelvision Ltd","4145","socks4","2399","1","2024-01-08T16:39:21.843Z","99","5586","5623"
"186.97.236.242","elite","AS27831","CO","Colombia Móvil","194","Colombia Móvil","5678","socks4","4512","1","2024-01-08T16:39:21.031Z","37","2065","5534"
"186.251.255.233","elite","AS267513","BR","Seanet Telecom Carazinho Eireli","204","Seanet Telecom Carazinho Eireli","31337","socks4","3603","1","2024-01-08T16:39:21.836Z","100","5486","5513"
"201.184.63.218","elite","AS13489","CO","EPM Telecomunicaciones S.A. E.S.P.","155","EPM Telecomunicaciones S.A. E.S.P","8080","socks4","241","1","2024-01-08T16:39:21.924Z","98","5479","5591"
"24.125.77.113","elite","AS7725","US","Comcast Cable Communications, LLC","102","Comcast Cable Communications Holdings, Inc","55539","socks4","1299","1","2024-01-08T16:39:21.028Z","98","5537","5662"
"170.81.108.45","elite","AS266416","BR","L3 NETWORKS E TELECOMUNICACOES LTDA","294","L3 NETWORKS E TELECOMUNICACOES LTDA","4153","socks4","2206","30002","2024-01-08T16:39:21.845Z","100","1","1"
"102.134.154.254","elite","AS328399","ZA","Vaal Networking Consultants (PTY) LTD","182","VNC","5678","socks4","2101","1","2024-01-08T16:39:21.846Z","98","5532","5632"
"170.246.85.109","elite","AS265657","EC","Servicable Cia. Ltda.","165","Servicable Cia. Ltda","37163","socks4","125","30092","2024-01-08T16:39:21.030Z","100","1","1"
"160.16.125.237","elite","AS9370","JP","SAKURA Internet Inc.","297","SAKURA Internet Inc.","3030","socks5","4708","85","2024-01-08T16:39:20.330Z","100","5550","5558"
"154.19.185.66","elite","AS149042","US","SICLOUD INFORMATION TECHNOLOGY (HONGKONG) CO., LIMITED","147","SICLOUD INFORMATION TECHNOLOGY (HONGKONG) CO., LIMITED","18825","socks5","3797","1","2024-01-08T16:39:19.128Z","97","5387","5555"
"37.99.224.225","elite","AS48500","IT","INC-LOW","33","N/A","7497","socks5","3185","1","2024-01-08T16:39:19.836Z","100","5443","5462"
"101.51.83.64","elite","AS23969","TH","TOT Public Company Limited","200","TOT Public Company Limited","4145","socks4","4992","1","2024-01-08T16:39:19.129Z","50","2718","5487"
"203.30.189.103","elite","AS209242","BZ","Cloudflare London, LLC","11","Umpire Associates LTD","80","socks4","3295","1","2024-01-08T16:39:19.931Z","100","5497","5497"
"36.75.16.40","elite","AS7713","ID","PT. TELKOM INDONESIA","288","N/A","4153","socks5","2903","1","2024-01-08T16:39:19.839Z","78","4311","5507"
"139.59.90.148","elite","AS14061","IN","DIGITALOCEAN","207","DigitalOcean, LLC","57592","socks4","3896","1","2024-01-08T16:39:18.547Z","100","5616","5619"
"183.89.63.31","elite","AS45629","TH","Triple T Broadband Public Company Limited","153","Triple T Broadband Public Company Limited","8080","socks4","4600","1","2024-01-08T16:39:18.237Z","95","5298","5580"
"46.227.37.1","elite","AS51155","PL","Telemedian - TB Telecom","92","Telemedian","1088","socks4","4896","1","2024-01-08T16:39:18.544Z","100","5601","5617"
"103.47.93.252","elite","AS134058","IN","Broban Internet Services Pvt.ltd","259","Broban  PVT Ltd.","1080","socks4","5205","1","2024-01-08T16:39:17.030Z","99","5429","5469"
"103.47.94.97","elite","AS134058","IN","Broban Internet Services Pvt.ltd","283","Broban  PVT Ltd.","1080","socks4","4403","1","2024-01-08T16:39:17.033Z","99","5568","5607"
"103.47.93.211","elite","AS134058","IN","Broban Internet Services Pvt.ltd","258","Broban  PVT Ltd.","1080","socks4","4800","1","2024-01-08T16:39:17.032Z","99","5508","5555"
"104.17.9.114","elite","AS13335","CA","Cloudflare, Inc.","3","Cloudflare, Inc.","80","socks4","4604","1","2024-01-08T16:39:17.439Z","100","5574","5575"
"147.182.239.59","elite","AS14061","US","DigitalOcean, LLC","159","DigitalOcean, LLC","2990","socks4","4991","1","2024-01-08T16:39:14.339Z","83","4603","5571"
"110.78.164.188","elite","AS131090","TH","CAT-BB","196","N/A","4153","socks4","4800","1","2024-01-08T16:39:14.338Z","66","3690","5625"
"104.20.233.70","elite","AS13335","CA","Cloudflare, Inc.","3","Cloudflare, Inc.","80","socks4","4481","1","2024-01-08T16:39:12.434Z","100","5572","5574"
"51.77.65.164","elite","AS16276","DE","OVH SAS","11","OVH GmbH","31979","socks4","5288","1","2024-01-08T16:39:12.444Z","100","5562","5566"
"185.169.181.16","elite","AS34984","TR","Ates Dc","100","Ibrahim MALA trading as Ates Dc","4145","socks4","2291","1","2024-01-08T16:39:12.442Z","99","5454","5489"
"103.242.104.243","elite","AS58821","ID","PT Lintas Jaringan Nusantara","193","PT Lintas Jaringan Nusantara","5678","socks4","4902","1","2024-01-08T16:39:12.130Z","99","5525","5590"
"154.113.161.129","elite","AS37282","NG","Mainone Cable Company","192","Mainone Cable Company","5678","socks4","4202","1","2024-01-08T16:39:12.134Z","100","5533","5543"
"159.223.173.237","elite","AS14061","US","DigitalOcean, LLC","86","DigitalOcean, LLC","12057","socks5","3602","1","2024-01-08T16:39:12.132Z","87","4819","5538"
"213.149.103.133","elite","AS8585","ME","Crnogorski Telekom a.d.Podgorica","43","T ComServeri","61859","socks5","4788","1","2024-01-08T16:39:12.445Z","100","5573","5582"
"91.185.236.239","elite","AS21487","RU","Sakhatelecom","197","N/A","4145","socks4","4314","1","2024-01-08T16:39:10.529Z","95","5260","5555"
"222.186.50.204","elite","AS4134","CN","Chinanet","214","Chinanet JS","1080","socks5","4987","81","2024-01-08T16:39:10.929Z","88","4827","5502"
"171.247.168.5","elite","AS7552","VN","Viettel Corporation","395","VIETEL","1080","socks4","3989","1","2024-01-08T16:39:10.531Z","74","4043","5465"
"110.42.246.153","elite","AS45090","CN","China Internet Network Information Center","285","Tencent cloud computing (Beijing) Co., Ltd.","2080","socks4","5012","1","2024-01-08T16:39:10.527Z","33","1837","5591"
"119.91.35.77","elite","AS45090","CN","China Internet Network Information Center","213","Tencent cloud computing (Beijing) Co., Ltd.","2080","socks4","1396","1","2024-01-08T16:39:09.130Z","32","1779","5591"
"180.183.225.91","elite","AS45629","TH","Triple T Broadband Public Company Limited","196","Triple T Broadband Public Company Limited","44550","socks4","4288","1","2024-01-08T16:39:09.128Z","99","5459","5539"
"162.243.102.207","elite","AS14061","US","DigitalOcean, LLC","85","Digital Ocean","9764","socks5","2110","1","2024-01-08T16:39:09.126Z","100","5517","5534"
"65.108.58.243","elite","AS24940","FI","Hetzner Online GmbH","99","Hetzner Online GmbH","9050","socks4","3207","1","2024-01-08T16:39:09.137Z","71","3944","5529"
"138.118.213.213","elite","AS264738","AR","Sebastian Souto","256","Sebastian Souto","4153","socks4","3596","82","2024-01-08T16:39:07.241Z","99","5525","5594"
"93.171.224.53","elite","AS211570","UA","PE TV and Radio Company Kentavr-TV","94","PE TV and Radio Company Kentavr-TV","4153","socks4","5010","1","2024-01-08T16:39:07.243Z","100","5465","5492"
"167.99.76.245","elite","AS14061","SG","DigitalOcean, LLC","199","DigitalOcean, LLC","58602","socks4","111","1","2024-01-08T16:39:07.238Z","100","1","1"
"183.89.114.143","elite","AS45629","TH","Triple T Broadband Public Company Limited","166","Triple T Broadband Public Company Limited","4145","socks4","5003","1","2024-01-08T16:39:07.245Z","98","5401","5508"
"1.10.238.200","elite","AS23969","TH","TOT Public Company Limited","156","TOT Public Company Limited","4145","socks4","4304","1","2024-01-08T16:39:05.443Z","41","2283","5541"
"175.201.245.187","elite","AS4766","KR","Korea Telecom","298","Kornet","808","socks4","3812","1","2024-01-08T16:39:05.444Z","100","5521","5527"
"104.21.6.88","elite","AS13335","CA","Cloudflare, Inc.","2","Cloudflare, Inc.","80","socks4","3898","1","2024-01-08T16:39:05.442Z","100","5478","5479"
"185.169.181.13","elite","AS34984","TR","Ates Dc","54","Ibrahim MALA trading as Ates Dc","4145","socks4","4893","81","2024-01-08T16:39:03.740Z","100","5609","5621"
"103.86.1.9","elite","AS136371","IN","Airwir Technologies Private Limited","302","Airwir Technologies Private Limited","4145","socks4","4991","1","2024-01-08T16:39:03.735Z","100","5610","5629"
"217.197.252.154","elite","AS34139","RU","CJSC TSI Service","57","Cjsc Tsinet","4145","socks4","4399","1","2024-01-08T16:39:03.836Z","100","5599","5626"
"123.200.2.122","elite","AS23688","BD","Link3 Technologies Limited","214","Corporate Subscriber","5678","socks4","1400","1","2024-01-08T16:39:03.741Z","12","657","5569"
"43.134.230.127","elite","AS132203","SG","Aceville Pte.ltd","312","N/A","443","socks4","4790","1","2024-01-08T16:39:03.737Z","90","4991","5574"
"104.20.75.69","elite","AS13335","CA","Cloudflare, Inc.","2","Cloudflare, Inc.","80","socks5","4794","1","2024-01-08T16:39:03.738Z","100","5512","5512"
"117.202.20.69","elite","AS9829","IN","BSNL Internet","196","NIB","1088","socks4","3310","1","2024-01-08T16:39:01.637Z","96","5292","5490"
"169.239.236.101","elite","AS327986","NG","Gutti Global Networks","186","Gutti Global Networks","10801","socks4","5093","1","2024-01-08T16:39:01.639Z","96","5366","5613"
"185.169.181.17","elite","AS34984","TR","Ates Dc","56","Ibrahim MALA trading as Ates Dc","4145","socks4","5095","1","2024-01-08T16:39:01.736Z","100","5578","5591"
"188.25.121.203","elite","AS8708","RO","RCS & RDS","82","RCS & RDS Residential","8081","socks4","2302","1","2024-01-08T16:39:01.634Z","85","4751","5605"
"89.237.34.190","elite","AS20485","RU","multi-origin SUTTK","65","N/A","51549","socks4","179","1","2024-01-08T16:39:01.636Z","99","5504","5561"
"95.140.124.217","elite","AS9125","RS","Drustvo za telekomunikacije Orion telekom doo Beograd, Gandijeva 76a","36","Orion Telekom Network","1080","socks4","4707","1","2024-01-08T16:39:01.643Z","100","5552","5553"
"113.53.91.10","elite","AS23969","TH","TOT Public Company Limited","199","TOT Public Company Limited","5678","socks4","3801","1","2024-01-08T16:39:01.641Z","98","5424","5535"
"197.234.13.60","elite","AS36902","SC","Intelvision","199","Intelvision Ltd","4145","socks4","132","1","2024-01-08T16:39:01.638Z","99","5514","5558"
"185.25.119.15","elite","AS200000","UA","Hosting Ukraine LTD","83","new Hosting","13959","socks5","4498","1","2024-01-08T16:38:58.432Z","98","5409","5531"
"183.89.249.192","elite","AS45629","TH","Triple T Broadband Public Company Limited","166","Triple T Broadband Public Company Limited","4153","socks4","4600","1","2024-01-08T16:38:58.343Z","97","5386","5545"
"103.120.133.141","elite","AS38235","KH","Angkor Data Communication","199","Mekongnet PLN","5678","socks4","4313","1","2024-01-08T16:38:58.428Z","98","5414","5497"
"185.126.40.232","elite","AS49100","IR","Pishgaman Toseeh Ertebatat Company (Private Joint Stock)","180","User","4153","socks4","610","1","2024-01-08T16:38:58.430Z","92","5172","5645"
"93.126.56.30","elite","AS44375","IR","Asmanfaraz Sepahan Company (P.J.S)","93","Asmanfaraz Sepahan Isdp","4153","socks4","4689","3","2024-01-08T16:38:55.836Z","99","5565","5615"
"207.188.134.194","elite","AS15704","ES","Xtra Telecom S.A","32","Xtra Telecom S.A","8118","socks4","4790","1","2024-01-08T16:38:55.840Z","100","5494","5515"
"34.110.150.54","elite","AS396982","US","Google LLC","2","Google Cloud","3128","socks5","4397","1","2024-01-08T16:38:55.832Z","100","5490","5490"
"34.64.4.104","elite","AS139070","SG","Google Asia Pacific Pte. Ltd.","252","Google LLC","80","socks4","3897","1","2024-01-08T16:38:55.833Z","100","5488","5490"
"121.101.185.69","elite","AS38785","ID","BAGUSNET","197","N/A","43296","socks4","4605","1","2024-01-08T16:38:53.430Z","57","3170","5597"
"110.78.81.107","elite","AS9931","TH","CAT Telecom Public Company Limited","214","CAT Telecom public company Ltd","5678","socks4","4008","1","2024-01-08T16:38:53.428Z","98","5497","5614"
"202.107.231.156","elite","AS4134","CN","Chinanet","217","N/A","60000","socks4","2604","1","2024-01-08T16:38:53.439Z","24","1317","5495"
"110.78.138.125","elite","AS131090","TH","CAT-BB","194","N/A","8080","socks4","4913","1","2024-01-08T16:38:53.438Z","86","4717","5503"
"104.16.109.207","elite","AS13335","CA","Cloudflare, Inc.","2","Cloudflare, Inc.","80","socks4","4199","1","2024-01-08T16:38:51.135Z","100","5527","5527"
"41.65.236.52","elite","AS36992","EG","Etisalat Misr","167","Nile Online","1976","socks5","5101","1","2024-01-08T16:38:51.137Z","96","5400","5597"
"34.64.4.17","elite","AS139070","SG","Google Asia Pacific Pte. Ltd.","255","Google LLC","80","socks4","4097","1","2024-01-08T16:38:51.139Z","100","5528","5530"
"113.123.0.14","elite","AS4134","CN","Chinanet","284","Chinanet SD","57114","socks4","3191","1","2024-01-08T16:38:48.527Z","36","1977","5449"
"180.241.158.221","elite","AS7713","ID","PT. TELKOM INDONESIA","167","N/A","8085","socks4","5102","1","2024-01-08T16:38:48.442Z","81","4479","5539"
"43.241.64.110","elite","AS134033","IN","Mithril Telecommunications Private Limited","181","Mithril Telecommunications Pvt. Ltd.","5678","socks4","1568","1","2024-01-08T16:38:48.629Z","64","3644","5654"
"182.253.159.166","elite","AS17451","ID","BIZNET","163","N/A","5678","socks4","4817","1","2024-01-08T16:38:48.444Z","95","5304","5555"
"103.115.255.1","elite","AS137868","BD","Star Internet Service","186","Md. Murad Hossain Ripon","36331","socks4","4398","1","2024-01-08T16:38:48.445Z","98","5303","5426"
"213.145.134.174","elite","AS12997","KG","OJSC Kyrgyztelecom","111","N/A","3629","socks4","119","1","2024-01-08T16:38:45.537Z","100","1","1"
"103.47.93.203","elite","AS134058","IN","Broban Internet Services Pvt.ltd","258","Broban  PVT Ltd.","1080","socks4","3989","1","2024-01-08T16:38:45.540Z","99","5518","5560"
"104.131.94.90","elite","AS14061","US","DigitalOcean, LLC","97","Digital Ocean","51346","socks5","4485","1","2024-01-08T16:38:45.637Z","100","5418","5432"
"37.75.112.35","elite","AS8926","MD","JSC \"Moldtelecom\" S.A.","93","JSC Moldtelecom S.A.","4153","socks4","4599","1","2024-01-08T16:38:45.541Z","99","5550","5631"
"119.186.69.87","elite","AS4837","CN","CNC Group CHINA169 Shandong Province Network","177","N/A","38801","socks5","5004","1","2024-01-08T16:38:45.533Z","70","3924","5646"
"197.234.13.93","elite","AS36902","SC","Intelvision","198","Intelvision Ltd","4145","socks4","5090","1","2024-01-08T16:38:45.536Z","99","5514","5545"
"67.205.132.249","elite","AS14061","US","DigitalOcean, LLC","85","Digital Ocean","80","socks4","5088","1","2024-01-08T16:38:45.535Z","100","5466","5485"
"45.63.100.155","elite","AS20473","GB","Choopa","9","Vultr Holdings, LLC","10301","socks4","4187","1","2024-01-08T16:38:42.735Z","37","2033","5528"
"14.232.161.29","elite","AS45899","VN","VNPT","200","Vietnam Posts and Telecommunications Group","10801","socks4","4588","1","2024-01-08T16:38:42.740Z","74","4127","5593"
"107.181.161.133","elite","AS46562","US","Performive LLC","145","Total Server Solutions L.L.C","11987","socks4","3715","1","2024-01-08T16:38:42.734Z","98","5463","5558"
"196.43.97.114","elite","AS37183","ZW","AfOL-Zw","198","N/A","5678","socks4","4599","1","2024-01-08T16:38:42.739Z","98","5512","5623"
"179.191.23.38","elite","AS52565","BR","Edgar Rodrigues Romao Filho ME","197","Edgar Rodrigues Romao Filho ME","5678","socks4","4096","1","2024-01-08T16:38:42.733Z","100","5521","5547"
"177.125.204.78","elite","AS262346","BR","FP Telecomunicacoes Ltda","282","FP Telecomunicacoes Ltda","4145","socks4","892","1","2024-01-08T16:38:42.736Z","74","4104","5548"
"27.72.29.7","elite","AS7552","VN","Viettel Group","335","VIETTEL","5678","socks4","4599","1","2024-01-08T16:38:42.732Z","99","5441","5477"
"147.47.224.168","elite","AS9488","KR","SNU","296","N/A","1080","socks4","4809","1","2024-01-08T16:38:40.045Z","97","5468","5631"
"185.162.142.81","elite","AS62013","MD","Societatea Comerciala Click-COM SRL","49","Subscribers Click COM","53281","socks4","4102","1","2024-01-08T16:38:40.145Z","43","2386","5601"
"72.209.45.119","elite","AS22773","US","Cox Communications Inc.","104","Cox Communications","3128","socks4","4489","1","2024-01-08T16:38:40.126Z","100","5563","5575"
"109.73.184.254","elite","AS49924","IT","ECROM-MAIN","58","N/A","5678","socks4","5190","1","2024-01-08T16:38:40.129Z","54","2951","5491"
"104.24.206.207","elite","AS13335","CA","Cloudflare, Inc.","3","Cloudflare, Inc.","13335","socks4","4684","1","2024-01-08T16:38:40.129Z","100","5465","5465"
"212.69.12.121","elite","AS52116","RS","Orion Telekom Tim d.o.o.Beograd","34","Orion Telekom Tim d.o.o.Beograd","1080","socks4","1688","1","2024-01-08T16:38:40.130Z","100","5544","5559"
"103.199.157.137","elite","AS134318","IN","city broadband network pvt.ltd","142","N/A","41610","socks4","3900","1","2024-01-08T16:38:37.443Z","100","5480","5492"
"138.197.138.160","elite","AS14061","CA","DigitalOcean, LLC","94","DigitalOcean, LLC","10181","socks5","4414","1","2024-01-08T16:38:37.440Z","100","5617","5619"
"193.169.4.184","elite","AS49261","RU","Lekstar Communication Ltd","81","SVS-Telecom Ltd","10801","socks5","4698","1","2024-01-08T16:38:37.442Z","98","5469","5554"
"213.16.81.147","elite","AS12301","HU","Invitech ICT Services Kft.","52","SzerSzoft","5678","socks4","4200","1","2024-01-08T16:38:37.531Z","99","5626","5666"
"47.114.81.218","elite","AS37963","CN","Addresses CNNIC","291","Aliyun Computing Co., LTD","8060","socks4","4107","1","2024-01-08T16:38:35.235Z","87","4785","5475"
"1.0.136.7","elite","AS23969","TH","TOT Public Company Limited","189","TOT Public Company Limited","4145","socks4","3893","1","2024-01-08T16:38:35.146Z","58","3191","5509"
"103.86.1.34","elite","AS136371","IN","Airwir Technologies Private Limited","205","Airwir Technologies Private Limited","4145","socks4","4785","1","2024-01-08T16:38:35.230Z","100","5520","5532"
"38.127.172.95","elite","AS174","US","Cogent Communications","90","Torlandia Trading SRL","46656","socks5","4506","1","2024-01-08T16:38:35.336Z","100","5585","5595"
"181.66.37.143","elite","AS6147","PE","Telefonica del Peru S.A.A.","197","Telefonica del Peru S.A.A","4153","socks4","4199","1","2024-01-08T16:38:35.228Z","64","3603","5596"
"119.29.84.133","elite","AS45090","HK","Shenzhen Tencent Computer Systems Company Limited","288","Tencent cloud computing (Beijing) Co., Ltd.","20806","socks5","5007","1","2024-01-08T16:38:35.144Z","87","4777","5509"
"185.203.220.16","elite","AS211974","ES","Airecom Internet, S.L.","34","Airecom Servers","1080","socks4","5002","1","2024-01-08T16:38:32.433Z","98","5488","5607"
"103.220.42.180","elite","AS55352","IN","Microscan Infocommtech Private Limited","109","HI5 Broadband Services","58456","socks4","4102","1","2024-01-08T16:38:32.430Z","100","5509","5530"
"101.51.105.221","elite","AS23969","TH","TOT Public Company Limited","197","TOT Public Company Limited","4145","socks4","4901","1","2024-01-08T16:38:32.435Z","63","3507","5531"
"104.16.106.65","elite","AS13335","CA","Cloudflare, Inc.","3","Cloudflare, Inc.","80","socks5","3312","1","2024-01-08T16:38:32.432Z","100","5517","5517"
"190.15.252.205","elite","AS27881","AR","Ipnext S.A.","280","Feroglio Julia Elena","3629","socks4","4801","1","2024-01-08T16:38:32.434Z","94","5310","5622"
"61.7.183.24","elite","AS131090","TH","CAT Telecom Public Company Limited","300","National Telecom Public Company Limited","4145","socks4","215","1","2024-01-08T16:38:29.841Z","87","4789","5508"
"183.88.18.60","elite","AS45629","TH","Triple T Broadband Public Company Limited","200","Triple T Broadband Public Company Limited","8080","socks4","2794","1","2024-01-08T16:38:29.840Z","94","5240","5560"
"185.236.46.221","elite","AS50115","UA","TELECOMTRADE","57","N/A","5678","socks4","596","1","2024-01-08T16:38:29.837Z","93","5241","5625"
"93.48.228.247","elite","AS12874","IT","Fastweb SpA","99","Fastweb Internet NGA","4153","socks4","4798","1","2024-01-08T16:38:29.838Z","100","5632","5642"
"138.0.207.18","elite","AS264556","BR","L. Garcia Comunicações ME","298","Marcos de Oliveira Dorta - ME","38328","socks4","4993","1","2024-01-08T16:38:29.835Z","98","5486","5615"
"176.36.138.238","elite","AS39608","UA","Lanet Network","80","Lanet Network Ltd","1080","socks4","4915","1","2024-01-08T16:38:27.139Z","98","5349","5482"
"198.199.122.10","elite","AS14061","US","DigitalOcean, LLC","87","DigitalOcean, LLC","3128","socks4","4405","1","2024-01-08T16:38:27.028Z","97","5368","5533"
"110.78.149.221","elite","AS131090","TH","CAT-BB","203","N/A","4145","socks4","3204","1","2024-01-08T16:38:26.945Z","81","4523","5590"
"66.42.92.212","elite","AS20473","US","The Constant Company","95","Vultr Holdings, LLC","9999","socks4","3897","1","2024-01-08T16:38:26.944Z","71","3891","5506"
"172.67.253.69","elite","AS13335","CA","Cloudflare, Inc.","3","Cloudflare, Inc.","80","socks4","4885","1","2024-01-08T16:38:24.237Z","100","5579","5580"
"37.152.163.238","elite","AS198569","IR","Rahanet Zanjan Co. (Private Joint-Stock)","127","Rahanet Zanjan Co.","4153","socks4","5113","2","2024-01-08T16:38:24.239Z","95","5266","5564"
"217.115.213.186","elite","AS9050","RO","Orange Romania Communication S.A","42","Orange Romania Communications","4145","socks4","4803","1","2024-01-08T16:38:24.336Z","99","5412","5451"
"166.62.88.163","elite","AS398101","US","GoDaddy.com, LLC","139","GoDaddy.com, LLC","45842","socks4","161","1","2024-01-08T16:38:24.238Z","100","1","1"
"43.157.42.203","elite","AS132203","DE","Shenzhen Tencent Computer Systems Company Limited","12","Tencent Cloud Computing","443","socks4","2389","1","2024-01-08T16:38:24.335Z","52","2891","5533"
"110.34.166.183","elite","AS45652","SG","VPLS-SIN","329","Vpls Sin1","4153","socks4","2008","1","2024-01-08T16:38:24.236Z","99","5559","5610"
"177.184.67.77","elite","AS52898","BR","Multipla Serviços Inteligentes","226","Multipla Serviços Inteligentes","4145","socks4","2790","1","2024-01-08T16:38:24.241Z","70","3945","5628"
"104.129.205.9","elite","AS22616","US","ZSCALER, INC.","93","Zscaler, Inc.","10297","socks5","4408","1","2024-01-08T16:38:21.440Z","94","5241","5586"
"47.98.183.59","elite","AS37963","CN","Hangzhou Alibaba Advertising Co","294","Aliyun Computing Co., LTD","37963","socks4","96","1","2024-01-08T16:38:21.445Z","88","4894","5545"
"157.245.62.1","elite","AS14061","SG","DigitalOcean, LLC","190","DigitalOcean, LLC","9050","socks4","3209","1","2024-01-08T16:38:21.527Z","100","5567","5583"
"174.75.211.221","elite","AS22773","US","Cox Communications Inc.","149","Cox Communications","4145","socks4","4500","1","2024-01-08T16:38:21.441Z","42","2345","5524"
"157.230.177.47","elite","AS14061","US","DigitalOcean, LLC","97","DigitalOcean, LLC","7497","socks5","3417","1","2024-01-08T16:38:21.443Z","82","4505","5488"
"188.169.142.196","elite","AS35805","GE","JSC \"Silknet\"","192","UTG MPLS DSL","4145","socks4","3588","1","2024-01-08T16:38:21.446Z","98","5327","5424"
"103.119.229.130","elite","AS64315","ID","PT MITRA VISIONER PRATAMA","190","PT MITRA VISIONER SOLUSINDO","80","socks4","4803","1","2024-01-08T16:38:19.028Z","96","5385","5610"
"5.135.191.18","elite","AS16276","FR","OVH SAS","6","OVH","9100","socks5","4001","1","2024-01-08T16:38:19.030Z","99","5442","5492"
"202.44.224.76","elite","AS4618","TH","Internet Thailand Company Ltd","182","Internet Thailand Company Limited","4153","socks4","5091","1","2024-01-08T16:38:19.033Z","58","3223","5600"
"154.117.212.18","elite","AS327799","BI","2G+3G+4G","202","N/A","5678","socks4","4592","1","2024-01-08T16:38:19.032Z","99","5417","5497"
"202.141.233.166","elite","AS9260","PK","Multinet Broadband","112","Multinet Broadband","48995","socks4","4103","1","2024-01-08T16:38:19.031Z","85","4743","5556"
"195.209.188.101","elite","AS49505","RU","OOO \"Network of data-centers \"Selectel\"","43","Qwarta LLC","58543","socks4","5005","1","2024-01-08T16:38:19.045Z","100","5609","5618"
"1.0.154.228","elite","AS23969","TH","TOT Public Company Limited","192","TOT Public Company Limited","4145","socks4","4900","1","2024-01-08T16:38:16.138Z","56","3056","5474"
"118.174.209.189","elite","AS23969","TH","TOT Public Company Limited","152","TOT Public Company Limited","4145","socks4","1088","1","2024-01-08T16:38:16.132Z","62","3462","5592"
"103.140.88.250","elite","AS9875","ID","PT. Pasifik Satelit Nusantara","889","PT. Weharima Mandiri Utama","5678","socks4","4990","1","2024-01-08T16:38:16.140Z","78","4377","5614"
"185.6.8.108","elite","AS12552","SE","GlobalConnect AB","89","Snapback AB","19427","socks4","4998","1","2024-01-08T16:38:16.239Z","100","5541","5566"
"110.34.166.187","elite","AS45652","SG","VPLS-SIN","243","Vpls Sin1","4153","socks4","1510","1","2024-01-08T16:38:16.131Z","99","5523","5584"
"186.251.255.65","elite","AS267513","BR","Seanet Telecom Carazinho Eireli","201","Seanet Telecom Carazinho Eireli","31337","socks4","4010","1","2024-01-08T16:38:16.133Z","100","5584","5609"
"119.15.90.78","elite","AS24492","KH","WiCAM Corporation Ltd","193","WiCAM Corporation, LTD","5678","socks4","3807","1","2024-01-08T16:38:16.135Z","85","4617","5421"
"95.182.78.7","elite","AS50648","UA","PE UAinet","61","PE UAinet","5678","socks4","4502","1","2024-01-08T16:38:13.436Z","100","5593","5618"
"149.20.253.104","elite","AS18615","US","Mainstream Fiber Networks, LLC","101","Mainstream Fiber Networks, LLC","12551","socks4","3986","1","2024-01-08T16:38:11.131Z","100","5549","5558"
"161.35.179.193","elite","AS14061","US","DigitalOcean, LLC","97","DigitalOcean, LLC","59761","socks5","5196","1","2024-01-08T16:38:11.130Z","99","5452","5483"
"159.75.49.140","elite","AS45090","CN","Shenzhen Tencent Computer Systems Company Limited","210","Tencent Cloud Computing (Beijing) Co., Ltd","10808","socks4","2801","1","2024-01-08T16:38:11.027Z","87","4764","5490"
"95.142.40.99","elite","AS210079","RU","EuroByte LLC","51","N/A","42140","socks4","1905","1","2024-01-08T16:38:11.132Z","98","5441","5540"
"183.89.41.115","elite","AS45629","TH","Triple T Broadband Public Company Limited","155","Triple T Broadband Public Company Limited","5678","socks4","5093","1","2024-01-08T16:38:10.845Z","96","5298","5518"
"43.135.154.94","elite","AS132203","US","Shenzhen Tencent Computer Systems Company Limited","154","Tencent Cloud Computing","21127","socks5","4998","1","2024-01-08T16:38:10.931Z","85","4672","5486"
"47.112.157.97","elite","AS37963","CN","Addresses CNNIC","219","Aliyun Computing Co., LTD","8060","socks5","4494","1","2024-01-08T16:38:10.939Z","86","4698","5473"
"165.154.235.178","elite","AS142002","US","Scloud Pte Ltd","185","Scloud Pte Ltd","14200","socks4","304","1","2024-01-08T16:38:10.937Z","60","3357","5580"
"103.107.68.13","elite","AS137292","ID","Intranusa Core Teknologi","187","N/A","5430","socks4","5108","1","2024-01-08T16:38:10.927Z","100","5619","5630"
"198.0.198.132","elite","AS33651","US","Comcast Cable Communications","346","SMX SM PUBLIC ARPRT DIST","54321","socks4","4915","1","2024-01-08T16:38:10.930Z","92","5168","5609"
"110.77.236.112","elite","AS131090","TH","CAT Telecom Public Company Limited","200","CAT BBviaOnnet","4153","socks4","3602","1","2024-01-08T16:38:10.938Z","90","4992","5571"
"72.252.4.49","elite","AS396899","PR","Natural G.C. Inc","194","Columbus Networks USA","4145","socks4","4192","1","2024-01-08T16:38:08.243Z","97","5437","5618"
"213.197.136.218","elite","AS15440","LT","BALTNET","87","N/A","5678","socks4","4010","1","2024-01-08T16:38:08.241Z","100","5466","5468"
"139.59.84.117","elite","AS14061","IN","DIGITALOCEAN","228","DigitalOcean, LLC","52125","socks4","3801","1","2024-01-08T16:38:08.245Z","74","4055","5480"
"190.113.12.75","elite","AS22860","CL","Servicios Internet Ltda","207","TECNOERA-WEBHOSTING","3389","socks5","4213","1","2024-01-08T16:38:08.238Z","100","5572","5593"
"43.229.254.163","elite","AS23679","ID","Media Antar Nusa PT.","172","Nusanet","1080","socks4","3607","1","2024-01-08T16:38:04.530Z","98","5487","5574"
"120.136.21.230","elite","AS131314","CN","China Broadband Communications (Hong Kong) Company Limited","300","Beijing Tian Wei Xin Tong technology corp. limited","10116","socks4","4713","1","2024-01-08T16:38:04.430Z","85","4773","5609"
"59.59.51.74","elite","AS4134","CN","Chinanet","222","Chinanet FJ","8001","socks5","3496","1","2024-01-08T16:38:04.428Z","87","4818","5517"
"111.53.178.249","elite","AS56042","CN","China Mobile communications corporation","284","China Mobile","7302","socks5","4699","1","2024-01-08T16:38:04.431Z","87","4830","5554"
"181.13.142.45","elite","AS7303","AR","Telecom Argentina S.A.","242","Frigorifico Industrial Del Norte SA","5678","socks4","3604","2","2024-01-08T16:38:01.333Z","96","5363","5601"
"173.249.15.6","elite","AS51167","DE","Contabo GmbH","19","Contabo GmbH","63982","socks5","2712","1","2024-01-08T16:38:01.431Z","100","5521","5547"
"43.134.237.114","elite","AS132203","SG","Aceville Pte.ltd","323","N/A","26322","socks4","4108","1","2024-01-08T16:38:01.330Z","82","4556","5582"
"202.148.5.34","elite","AS9794","ID","PT. Core Mediatech","191","N/A","5678","socks4","4701","1","2024-01-08T16:38:01.334Z","99","5442","5509"
"115.75.99.65","elite","AS7552","VN","VIETELxdsl","253","xDSL Services","4153","socks4","125","1","2024-01-08T16:38:01.332Z","100","1","1"
"206.189.85.92","elite","AS14061","SG","DigitalOcean, LLC","190","DigitalOcean, LLC","7497","socks5","4900","1","2024-01-08T16:38:01.336Z","100","5507","5510"
"5.39.19.154","elite","AS16276","FR","OVH ISP","5","Caunes Sebastien","33427","socks4","4596","1","2024-01-08T16:38:01.432Z","100","5569","5570"
"140.250.150.56","elite","AS4134","CN","Chinanet","199","Chinanet SD","1080","socks4","2308","1","2024-01-08T16:38:01.329Z","79","4379","5534"
"110.78.149.12","elite","AS131090","TH","CAT-BB","207","N/A","4145","socks4","3802","1","2024-01-08T16:37:58.646Z","68","3798","5616"
"199.188.93.163","elite","AS64200","US","Vivid-hosting LLC","188","Vivid-hosting LLC","9000","socks5","3601","1","2024-01-08T16:37:58.644Z","100","5513","5519"
"37.230.154.57","elite","AS198770","RU","Virtual Infrastructures Network","89","N/A","3629","socks4","4811","1","2024-01-08T16:37:58.643Z","100","5572","5575"
"168.227.158.57","elite","AS52898","BR","Multipla Serviços Inteligentes","293","Multipla Serviços Inteligentes","4145","socks4","5011","81","2024-01-08T16:37:58.640Z","99","5488","5554"
"114.4.121.90","elite","AS4761","ID","PT. INDOSAT Tbk","193","IOH B2B","4153","socks4","5016","1","2024-01-08T16:37:58.648Z","100","5579","5605"
"171.5.13.78","elite","AS45629","TH","Triple T Broadband Public Company Limited","190","Triple T Broadband Public Company Limited","4145","socks4","4403","1","2024-01-08T16:37:58.649Z","99","5431","5462"
"103.47.93.206","elite","AS134058","IN","Broban Internet Services Pvt.ltd","300","Broban  PVT Ltd.","1080","socks4","4791","1","2024-01-08T16:37:58.641Z","99","5605","5643"
"102.67.3.210","elite","AS36920","NG","KKON Technologies Ltd","182","Fiberone Broadband","5678","socks4","4602","1","2024-01-08T16:37:56.032Z","78","4362","5573"
"170.246.196.42","elite","AS52974","BR","Henet Telecomunicacoes Ltda","208","Henet Telecomunicacoes Ltda","4153","socks4","3210","1","2024-01-08T16:37:56.031Z","92","5107","5555"
"103.199.97.33","elite","AS45804","IN","New Shivam Cable Network","197","N/A","39825","socks4","5187","1","2024-01-08T16:37:55.945Z","98","5478","5605"
"170.0.54.201","elite","AS264974","BR","Telecom Scae Ltda","210","Telecom Scae Ltda","8080","socks4","5099","1","2024-01-08T16:37:55.945Z","70","3859","5512"
"202.137.17.151","elite","AS9905","ID","LINKNET","330","N/A","5678","socks4","4684","1","2024-01-08T16:37:55.943Z","98","5477","5569"
"159.192.233.69","elite","AS131090","TH","CAT-BB","288","N/A","4145","socks5","4510","1","2024-01-08T16:37:53.043Z","80","4454","5584"
"47.252.4.1","elite","AS45102","US","Alibaba.com LLC","79","ALICLOUD-US","80","socks4","5094","2","2024-01-08T16:37:53.044Z","90","5009","5539"
"222.74.65.84","elite","AS4134","CN","Chinanet","192","Chinanet NM","38051","socks5","5003","1","2024-01-08T16:37:53.050Z","84","4661","5565"
"116.58.232.91","elite","AS131090","TH","CAT Telecom Public Company Limited","207","CAT BB","4145","socks4","4601","1","2024-01-08T16:37:53.127Z","65","3552","5486"
"103.105.55.4","elite","AS136873","ID","PT. Mega Artha Lintas Data","207","N/A","8181","socks5","3701","2","2024-01-08T16:37:53.048Z","99","5457","5536"
"45.126.168.178","elite","AS134014","IN","NET 4 U SERVICES PVT LTD","178","NET 4 U Services PVT LTD","8080","socks4","4308","1","2024-01-08T16:37:50.244Z","98","5382","5495"
"165.225.204.117","elite","AS5511","FR","Orange S.A - Opentransit network","79","ZSCALER","10605","socks4","3307","80","2024-01-08T16:37:50.241Z","99","5469","5537"
"176.227.155.65","elite","AS34471","ES","Free Technologies","47","N/A","9999","socks4","4002","1","2024-01-08T16:37:50.337Z","100","5610","5630"
"162.12.217.4","elite","AS204902","FR","Weelax","183","XIWO","3629","socks4","3597","1","2024-01-08T16:37:50.243Z","99","5516","5597"
"103.90.231.93","elite","AS150698","VN","ONETIDC","197","Onet IDC Company","40797","socks5","4705","1","2024-01-08T16:37:50.240Z","99","5527","5606"
"81.12.104.43","elite","AS42337","IR","Respina Networks & Beyond PJSC","189","Respina Networks","3629","socks4","2287","1","2024-01-08T16:37:47.527Z","91","5103","5616"
"120.29.153.250","elite","AS38758","ID","PT Hipernet Indodata","194","N/A","5678","socks4","4703","1","2024-01-08T16:37:47.446Z","99","5597","5637"
"65.21.150.198","elite","AS24940","FI","Hetzner Online GmbH","100","Hetzner","3068","socks4","5010","1","2024-01-08T16:37:47.541Z","100","5657","5660"
"89.186.1.169","elite","AS39716","PL","Artur Sienkiewicz","46","VIP","5678","socks4","4802","1","2024-01-08T16:37:44.636Z","98","5361","5490"
"45.249.101.1","elite","AS135411","BD","Red Grapes Pte Ltd","299","N/A","56457","socks4","4589","81","2024-01-08T16:37:44.528Z","99","5609","5658"
"201.20.79.18","elite","AS28598","BR","MOB SERVICOS DE TELECOMUNICACOES S.A","195","Betânia Lácteos S/A","5678","socks5","4201","1","2024-01-08T16:37:44.542Z","100","5454","5470"
"27.239.65.23","elite","AS4766","KR","Korea Telecom","274","Kornet","8085","socks4","4498","1","2024-01-08T16:37:44.445Z","100","5512","5524"
"167.71.184.82","elite","AS14061","US","DigitalOcean, LLC","86","DigitalOcean, LLC","37908","socks4","4789","1","2024-01-08T16:37:44.637Z","100","5484","5495"
"49.51.98.98","elite","AS132203","CA","OPHL","94","Tencent cloud computing (Beijing) Co., Ltd.","443","socks4","4791","1","2024-01-08T16:37:44.635Z","35","1943","5562"
"103.132.0.161","elite","AS138276","IN","Typhoon Communication Pvt. Ltd","124","Typhoon Communication Pvt Ltd","5678","socks4","5005","1","2024-01-08T16:37:41.531Z","86","4848","5637"
"211.174.105.26","elite","AS4766","KR","Korea Telecom","271","Netropy","4153","socks4","4514","1","2024-01-08T16:37:41.528Z","100","5610","5631"
"159.192.232.226","elite","AS131090","TH","CAT-BB","213","N/A","52335","socks5","5103","1","2024-01-08T16:37:41.450Z","83","4568","5520"
"117.86.111.68","elite","AS4134","CN","Chinanet","300","Chinanet JS","1080","socks5","4396","1","2024-01-08T16:37:41.530Z","65","3594","5567"
"46.227.37.149","elite","AS51155","PL","Telemedian - TB Telecom","84","Telemedian","1088","socks4","1900","1","2024-01-08T16:37:41.627Z","100","5619","5635"
"103.47.93.25","elite","AS134058","IN","Broban Internet Services Pvt.ltd","267","Broban  PVT Ltd.","1080","socks4","5096","1","2024-01-08T16:37:38.742Z","99","5529","5578"
"1.20.220.79","elite","AS23969","TH","TOT Public Company Limited","152","TOT Mobile Co LTD","4145","socks4","4211","2","2024-01-08T16:37:38.927Z","93","5196","5603"
"14.207.24.72","elite","AS45629","TH","Triple T Broadband Public Company Limited","179","Triple T Broadband Public Company Limited","8080","socks5","803","1","2024-01-08T16:37:38.740Z","89","4958","5543"
"189.203.181.34","elite","AS22884","MX","Total Play Telecomunicaciones SA De CV","134","Total Play Telecomunicaciones SA De CV","1080","socks4","186","82","2024-01-08T16:37:38.745Z","100","1","1"
"85.15.65.70","elite","AS34896","RU","Vostoktelecom Telephone Company Limited Liability Company","149","Vostoktelecom Telephone Company Limited Liability Company","1080","socks5","5100","1","2024-01-08T16:37:38.827Z","84","4632","5527"
"80.229.194.203","elite","AS6871","GB","Plusnet Technologies Ltd","86","PlusNet Plc","4153","socks4","2784","1","2024-01-08T16:37:38.932Z","100","5591","5600"
"46.19.141.98","elite","AS51852","CH","Private Layer INC","18","Private Layer INC","9050","socks4","4687","1","2024-01-08T16:37:38.931Z","100","5544","5553"
"182.111.75.174","elite","AS4134","CN","Chinanet","248","Chinanet JX","20010","socks5","4003","1","2024-01-08T16:37:38.738Z","48","2636","5535"
"31.172.66.166","elite","AS49063","RU","FORNEX","86","Fornex Hosting S.L.","20557","socks4","3394","1","2024-01-08T16:37:38.930Z","86","4813","5572"
"185.171.54.34","elite","AS44285","IR","Shahrad","199","N/A","4153","socks4","4802","1","2024-01-08T16:37:36.147Z","95","5318","5598"
"119.82.242.60","elite","AS24521","ID","Indonesia Network Information Center","192","N/A","4145","socks4","5004","82","2024-01-08T16:37:36.149Z","39","2203","5587"
"1.231.77.174","elite","AS9318","KR","SK Broadband Co Ltd","206","broadNnet","1080","socks4","5003","1","2024-01-08T16:37:36.144Z","100","5597","5612"
"187.210.136.88","elite","AS8151","MX","Uninet S.A. de C.V.","178","UNINET","4153","socks4","4498","1","2024-01-08T16:37:36.141Z","99","5522","5555"
"139.59.58.141","elite","AS14061","IN","DigitalOcean, LLC","228","DigitalOcean, LLC","7497","socks5","3997","2","2024-01-08T16:37:33.235Z","93","5115","5491"
"125.228.77.228","elite","AS3462","TW","Chunghwa Telecom Co., Ltd.","298","Chunghwa Telecom Co. Ltd.","1081","socks4","5094","1","2024-01-08T16:37:33.231Z","99","5531","5586"
"78.29.4.218","elite","AS8369","RU","Intersvyaz-2 JSC","100","Intersvyaz-2 JSC","4145","socks4","4900","2","2024-01-08T16:37:33.427Z","100","5646","5652"
"185.171.54.36","elite","AS44285","IR","Shahrad","200","N/A","4153","socks4","703","1","2024-01-08T16:37:33.242Z","94","5268","5583"
"104.25.194.175","elite","AS13335","CA","Cloudflare, Inc.","80","Cloudflare, Inc.","80","socks5","1404","1","2024-01-08T16:37:33.233Z","100","5480","5481"
"103.235.198.17","elite","AS4007","NP","CCNEP","293","N/A","5678","socks4","3890","1","2024-01-08T16:37:30.435Z","56","3094","5519"
"187.190.113.179","elite","AS22884","MX","Total Play Telecomunicaciones SA De CV","145","Total Play Telecomunicaciones SA De CV","5678","socks5","2317","1","2024-01-08T16:37:30.430Z","99","5499","5556"
"165.22.52.130","elite","AS14061","SG","DigitalOcean, LLC","192","DigitalOcean, LLC","8000","socks4","4703","1","2024-01-08T16:37:30.439Z","85","4727","5541"
"45.56.112.189","elite","AS63949","US","Akamai Technologies, Inc.","97","Linode","7497","socks4","2205","2","2024-01-08T16:37:30.527Z","100","5571","5573"
"82.137.245.31","elite","AS29256","SY","ISP-TARASSUL","56","N/A","5678","socks4","4694","1","2024-01-08T16:37:27.640Z","99","5491","5547"
"216.107.129.135","elite","AS61317","US","Colocation America Corporation","93","Ipxo LLC","10180","socks5","4308","1","2024-01-08T16:37:27.641Z","100","5553","5564"
"178.18.248.104","elite","AS51167","DE","Contabo GmbH","14","Contabo GmbH","49153","socks4","4899","80","2024-01-08T16:37:27.534Z","100","5609","5619"
"91.203.25.28","elite","AS44827","UA","Bravoport","45","Bravoport Ltd","4153","socks4","5001","1","2024-01-08T16:37:27.532Z","81","4522","5556"
"116.197.132.59","elite","AS58369","ID","PT. Fiber Networks Indonesia","197","FIBERNET","8291","socks4","4094","1","2024-01-08T16:37:27.535Z","47","2609","5602"
"187.73.55.66","elite","AS262668","BR","Mar Provedor de Internet Ltda","184","Mar Provedor de Internet Ltda","5678","socks4","4995","1","2024-01-08T16:37:24.835Z","83","4542","5504"
"49.49.74.204","elite","AS45629","TH","Triple T Broadband Public Company Limited","199","Triple T Broadband Public Company Limited","5678","socks4","3599","1","2024-01-08T16:37:24.642Z","99","5472","5540"
"179.107.83.235","elite","AS52545","BR","BJ NET Provedor de Internet Ltda. - ME","281","BJ NET Provedor de Internet Ltda. - ME","5678","socks4","3283","1","2024-01-08T16:37:24.640Z","99","5544","5603"
"186.251.255.245","elite","AS267513","BR","Seanet Telecom Carazinho Eireli","203","Seanet Telecom Carazinho Eireli","31337","socks4","4696","81","2024-01-08T16:37:24.732Z","85","4752","5571"
"103.48.58.213","elite","AS58678","IN","SHRIGANESH","116","N/A","8080","socks4","886","1","2024-01-08T16:37:24.833Z","100","5542","5557"
"104.24.15.158","elite","AS13335","CA","Cloudflare, Inc.","2","Cloudflare, Inc.","80","socks5","4797","1","2024-01-08T16:37:24.643Z","100","5597","5600"
"182.253.109.182","elite","AS17451","ID","Biznet Metronet","180","N/A","8080","socks4","1005","1","2024-01-08T16:37:24.831Z","97","5318","5489"
"213.32.254.10","elite","AS206206","IQ","Kurdistan Net 3","82","N/A","4153","socks4","3814","1","2024-01-08T16:37:24.729Z","99","5522","5602"
"103.109.56.209","elite","AS138640","BD","HelloTech Limited","233","Hello Tech Limited","15108","socks5","1909","1","2024-01-08T16:37:24.639Z","99","5586","5652"
"87.250.109.174","elite","AS35567","BA","DASTO Semtel doo","63","N/A","8080","socks4","4202","1","2024-01-08T16:37:22.028Z","99","5461","5534"
"181.64.186.221","elite","AS6147","PE","Telefonica del Peru","199","PE-TDPERX4-LACNIC","5678","socks4","4592","1","2024-01-08T16:37:21.937Z","82","4555","5533"
"46.33.235.236","elite","AS31272","UA","WildPark Co","50","WildPark Co","5678","socks4","804","1","2024-01-08T16:37:21.935Z","40","2217","5499"
"43.239.75.145","elite","AS133443","BD","COL","194","N/A","4145","socks4","417","80","2024-01-08T16:37:21.938Z","98","5396","5509"
"108.26.234.210","elite","AS701","US","Verizon Communications","102","MCI Communications Services, Inc. d/b/a Verizon Business","9050","socks5","5013","1","2024-01-08T16:37:19.244Z","100","5516","5533"
"162.255.108.5","elite","AS54755","US","Desert Winds Wireless","194","Desert Winds Wireless Inc","5678","socks4","3895","1","2024-01-08T16:37:19.329Z","100","5622","5638"
"209.97.176.112","elite","AS14061","GB","DigitalOcean, LLC","19","DigitalOcean, LLC","11793","socks5","4092","1","2024-01-08T16:37:19.240Z","100","5579","5582"
"94.139.169.250","elite","AS206065","IR","Tose'h Fanavari Ertebabat Pasargad Arian Co. PJS","157","WiMAX","5678","socks4","3193","1","2024-01-08T16:37:19.342Z","98","5406","5504"
"144.202.21.190","elite","AS20473","US","The Constant Company","96","Vultr Holdings, LLC","10884","socks4","4296","1","2024-01-08T16:37:19.247Z","81","4452","5514"
"45.11.6.117","elite","AS197628","RU","Sudak-Net LLC","82","LLC Sudak-net","54389","socks4","4292","1","2024-01-08T16:37:16.442Z","64","3633","5644"
"180.183.2.61","elite","AS45629","TH","Triple T Broadband Public Company Limited","197","Triple T Broadband Public Company Limited","4145","socks4","4903","1","2024-01-08T16:37:16.441Z","95","5288","5547"
"46.98.247.92","elite","AS15377","UA","ISP \"Fregat\"","92","ISP \"Fregat\" Ltd","1080","socks4","4604","1","2024-01-08T16:37:16.435Z","99","5497","5559"
"197.234.13.82","elite","AS36902","SC","Intelvision","169","Intelvision Ltd","4145","socks4","4200","1","2024-01-08T16:37:16.437Z","99","5525","5562"
"213.136.75.85","elite","AS51167","DE","Contabo GmbH","19","Contabo GmbH","57799","socks4","254","1","2024-01-08T16:37:16.433Z","100","1","1"
"67.43.42.117","elite","AS20473","US","The Constant Company, LLC","142","IPXO","8080","socks4","4488","2","2024-01-08T16:37:16.438Z","100","5477","5484"
"172.65.165.93","elite","AS13335","CA","Cloudflare, Inc.","3","Cloudflare, Inc.","30000","socks4","4993","1","2024-01-08T16:37:13.326Z","100","5585","5587"
"103.76.190.210","elite","AS135758","IN","Alacriy Net System Service Private Limited","190","Alacriy Net System Service Private Limited","58275","socks5","4996","1","2024-01-08T16:37:13.137Z","99","5519","5598"
"188.133.153.60","elite","AS21353","RU","Enforta-MSK","76","N/A","8080","socks5","3699","1","2024-01-08T16:37:13.133Z","99","5527","5606"
"187.86.129.122","elite","AS53066","BR","VETORIALNET INF. E SERVIÇOS DE INTERNET LTDA","231","VETORIALNET INF. E SERVIÇOS DE INTERNET LTDA","63253","socks4","5103","1","2024-01-08T16:37:13.143Z","100","5598","5616"
"45.70.206.42","elite","AS267586","BR","Rafael Pierre Barbosa - Me","184","Rafael Pierre Barbosa - Me","4145","socks4","4504","7","2024-01-08T16:37:13.140Z","100","5488","5510"
"103.44.15.193","elite","AS133685","IN","SDN TELECOM PVT LTD","193","SDN Telecom PVT LTD","4145","socks4","3911","1","2024-01-08T16:37:13.144Z","99","5527","5568"
"116.118.98.21","elite","AS7602","VN","SPT","300","N/A","5678","socks4","5098","1","2024-01-08T16:37:10.343Z","96","5406","5619"
"85.199.71.66","elite","AS12693","DE","e.discom","32","KabelSat Bergen GmbH","8080","socks5","4589","1","2024-01-08T16:37:10.341Z","100","5467","5470"
"110.77.171.70","elite","AS131090","TH","CAT Telecom Public Company Limited","214","CAT BB","8080","socks4","4401","1","2024-01-08T16:37:10.345Z","67","3705","5514"
"200.29.8.18","elite","AS4995","CL","Netup S.A","280","NETUP-POP","5678","socks4","4916","1","2024-01-08T16:37:10.344Z","96","5318","5565"
"104.18.65.115","elite","AS13335","CA","Cloudflare, Inc.","2","Cloudflare, Inc.","2105","socks4","4199","1","2024-01-08T16:37:10.342Z","100","5548","5548"
"162.241.114.39","elite","AS19871","US","Network Solutions, LLC","95","Unified Layer","10249","socks4","4002","1","2024-01-08T16:37:10.432Z","96","5230","5474"
"106.110.215.121","elite","AS4134","CN","Chinanet","213","Chinanet GD","2829","socks4","1505","1","2024-01-08T16:37:07.727Z","67","3653","5489"
"5.252.177.252","elite","AS39798","US","MivoCloud SRL","152","MivoCloud SRL","21754","socks5","3797","1","2024-01-08T16:37:07.744Z","74","4127","5589"
"49.12.225.148","elite","AS24940","DE","Hetzner Online GmbH","15","Hetzner","10001","socks4","908","1","2024-01-08T16:37:07.647Z","88","4873","5507"
"114.99.14.240","elite","AS4134","CN","Chinanet","335","Chinanet AH","8004","socks4","4609","85","2024-01-08T16:37:07.644Z","64","3486","5488"
"1.2.187.124","elite","AS23969","TH","TOT Public Company Limited","156","TOT Public Company Limited","4145","socks4","3912","1","2024-01-08T16:37:07.729Z","62","3472","5583"
"138.68.170.243","elite","AS14061","GB","DigitalOcean, LLC","23","DigitalOcean, LLC","3128","socks4","5392","1","2024-01-08T16:37:04.826Z","83","4624","5585"
"143.244.184.250","elite","AS14061","US","DigitalOcean, LLC","153","DigitalOcean, LLC","37237","socks4","4816","1","2024-01-08T16:37:04.748Z","100","5569","5574"
"38.242.46.234","elite","AS174","US","Cogent Communications","83","Code 200, UAB","3128","socks5","4798","1","2024-01-08T16:37:04.729Z","95","5227","5523"
"81.46.202.112","elite","AS16371","ES","acens Technologies, S.L.","81","ACENS-TELEFONICA","8080","socks4","3818","78","2024-01-08T16:37:04.749Z","100","5569","5573"
"185.162.230.178","elite","AS209242","GB","Cloudflare London, LLC","91","Softconstruct Limited","80","socks4","4602","1","2024-01-08T16:37:04.734Z","100","5483","5485"
"181.196.247.162","elite","AS28006","EC","Corporacion Nacional De Telecomunicaciones - CNT EP","215","Corporacion Nacional De Telecomunicaciones - CNT EP","45974","socks4","5000","1","2024-01-08T16:37:04.746Z","30","1700","5635"
"172.64.86.217","elite","AS13335","CA","Cloudflare, Inc.","2","Cloudflare, Inc.","80","socks5","5187","1","2024-01-08T16:37:01.033Z","100","5617","5617"
"109.205.243.10","elite","AS56656","SK","Detronics s.r.o","32","Detronics s.r.o.","5678","socks4","4890","1","2024-01-08T16:37:01.331Z","100","5624","5635"
"115.242.248.226","elite","AS55836","IN","Reliance Jio Infocomm Limited","194","Reliance Jio Infocomm Limited","5678","socks4","5211","1","2024-01-08T16:37:01.029Z","92","5158","5589"
"123.155.48.196","elite","AS4837","CN","CNC Group CHINA169 Zhejiang Province Network","188","N/A","1080","socks5","5095","1","2024-01-08T16:37:01.032Z","59","3241","5452"
"151.80.123.31","elite","AS16276","FR","OVH SAS","83","BIN ABDULLAH Mahmoud Ridhwan","1080","socks4","3909","1","2024-01-08T16:37:01.327Z","69","3823","5564"
"124.122.137.150","elite","AS17552","TH","True Internet Co., Ltd.","195","TRUE BB","4153","socks4","3814","1","2024-01-08T16:37:00.948Z","63","3569","5634"
"103.228.246.30","elite","AS59282","ID","PT Giga Patra Multimedia","199","GPM","5678","socks4","4602","1","2024-01-08T16:36:58.027Z","98","5431","5568"
"181.215.47.60","elite","AS397423","US","Tier.Net Technologies LLC","114","Ipxo","3389","socks4","4593","1","2024-01-08T16:36:58.029Z","68","3784","5534"
"8.219.104.50","elite","AS45102","SG","Alibaba (US) Technology Co., Ltd.","242","Alibaba.com Singapore E-Commerce Private Limited","443","socks4","4715","2","2024-01-08T16:36:57.845Z","59","3280","5521"
"45.249.101.4","elite","AS135411","BD","Red Grapes Pte Ltd","298","N/A","56457","socks4","4589","1","2024-01-08T16:36:57.840Z","99","5574","5603"
"117.54.201.93","elite","AS9340","ID","PT IndoInternet","167","N/A","5678","socks4","3693","1","2024-01-08T16:36:57.842Z","99","5474","5547"
"183.166.86.218","elite","AS4134","CN","Chinanet","193","Chinanet AH","1080","socks4","2491","1","2024-01-08T16:36:57.843Z","13","705","5556"
"104.21.124.121","elite","AS13335","CA","Cloudflare, Inc.","2","Cloudflare, Inc.","80","socks4","4291","1","2024-01-08T16:36:57.928Z","100","5574","5576"
"121.13.252.62","elite","AS4134","CN","Chinanet","284","Chinanet GD","61401","socks4","3901","81","2024-01-08T16:36:54.830Z","86","4743","5511"
"185.36.132.223","elite","AS199752","NL","Go-Trex Internet Solution Partner","18","Go-Trex","9050","socks5","4600","1","2024-01-08T16:36:54.832Z","100","5523","5526"
"177.8.170.122","elite","AS53231","BR","Grupohost Comunicacao Multimidia Ltda","295","Grupohost Comunicacao Multimidia Ltda","1080","socks4","4703","1","2024-01-08T16:36:54.752Z","94","5225","5577"
"138.94.92.26","elite","AS264145","BR","FACILNET PROVEDOR E SERVIÇOS EIRELI","219","FACILNET PROVEDOR E SERVIÇOS EIRELI","7497","socks5","5001","1","2024-01-08T16:36:54.836Z","98","5451","5565"
"168.119.209.189","elite","AS24940","DE","Hetzner Online GmbH","91","Hetzner","60006","socks5","5094","1","2024-01-08T16:36:51.941Z","100","5588","5588"
"112.194.89.99","elite","AS4837","CN","China Unicom CHINA169 Sichuan Province Network","201","N/A","44313","socks5","4499","1","2024-01-08T16:36:51.833Z","71","3942","5560"
"143.255.249.74","elite","AS61468","EC","CEDIA","186","Universidad Tecnologica Israel","7497","socks5","3897","1","2024-01-08T16:36:51.939Z","94","5257","5567"
"181.66.37.134","elite","AS6147","PE","Telefonica del Peru S.A.A.","287","Telefonica del Peru S.A.A","4153","socks4","3505","1","2024-01-08T16:36:51.831Z","69","3801","5482"
"177.73.248.26","elite","AS262558","BR","Prompt Brasil Solucoes EM TI Ltda","288","Prompt Brasil Solucoes EM TI Ltda","55290","socks4","4695","1","2024-01-08T16:36:51.836Z","67","3662","5479"
"202.159.19.213","elite","AS9340","ID","PT IndoInternet","191","N/A","443","socks4","717","1","2024-01-08T16:36:51.832Z","100","5581","5592"
"149.20.253.47","elite","AS18615","US","Mainstream Fiber Networks, LLC","102","Mainstream Fiber Networks, LLC","12551","socks4","5100","1","2024-01-08T16:36:51.838Z","100","5596","5607"
"166.62.53.45","elite","AS398101","US","GoDaddy.com, LLC","194","GoDaddy.com, LLC","44388","socks4","151","282","2024-01-08T16:36:51.837Z","100","1","1"
"106.14.105.216","elite","AS37963","CN","Hangzhou Alibaba Advertising Co","209","Aliyun Computing Co., LTD","22016","socks5","3512","1","2024-01-08T16:36:48.733Z","27","1514","5616"
"88.151.187.133","elite","AS39578","RU","Ltd \"Maxima\"","98","Ltd Maxima","9123","socks4","2497","1","2024-01-08T16:36:48.729Z","100","5612","5625"
"45.196.151.93","elite","AS7018","US","AT&T Services, Inc.","82","AQUA Networks Limited","5432","socks4","4998","1","2024-01-08T16:36:48.735Z","99","5449","5529"
"8.42.71.5","elite","AS399869","US","Mountain Broadband","118","Level 3, LLC","39593","socks4","3890","1","2024-01-08T16:36:48.745Z","100","5590","5596"
"159.192.142.24","elite","AS131090","TH","CAT-BB","204","N/A","5678","socks4","4506","1","2024-01-08T16:36:48.744Z","99","5551","5604"
"89.237.33.97","elite","AS20485","RU","multi-origin SUTTK","79","N/A","51549","socks4","1798","1","2024-01-08T16:36:45.749Z","99","5546","5598"
"31.134.99.130","elite","AS56656","SK","DetronicsRoute","92","Detronics s.r.o.","1080","socks5","5090","1","2024-01-08T16:36:45.943Z","99","5528","5561"
"202.183.9.154","elite","AS131736","ID","BIGNET","765","N/A","5678","socks4","4693","1","2024-01-08T16:36:45.748Z","78","4333","5557"
"36.94.110.49","elite","AS7713","ID","PT. Telekomunikasi Indonesia","197","Telekomunikasi Indonesia","5678","socks4","4806","1","2024-01-08T16:36:45.837Z","99","5476","5545"
"119.18.159.34","elite","AS55685","ID","PT. Jala Lintas Media","178","N/A","4145","socks4","3996","1","2024-01-08T16:36:45.928Z","99","5460","5511"
"49.48.142.127","elite","AS45629","TH","Triple T Broadband Public Company Limited","172","Triple T Broadband Public Company Limited","8080","socks4","4610","82","2024-01-08T16:36:45.747Z","72","3994","5538"
"103.47.93.207","elite","AS134058","IN","Broban Internet Services Pvt.ltd","292","Broban  PVT Ltd.","1080","socks4","4194","1","2024-01-08T16:36:42.831Z","99","5429","5482"
"201.121.249.246","elite","AS8151","MX","UNINET","190","Gestión de direccionamiento UniNet","8080","socks5","4999","1","2024-01-08T16:36:42.743Z","84","4722","5625"
"43.225.163.209","elite","AS133001","IN","Airnet Cable And Datacom Pvt Ltd","197","AIRNETNETWORKS","4153","socks4","5006","1","2024-01-08T16:36:42.833Z","99","5555","5607"
"203.13.32.218","elite","AS209242","CY","Cloudflare London, LLC","92","Lachtaristo Holdings Limited","80","socks4","142","1","2024-01-08T16:36:39.335Z","100","5524","5524"
"171.244.68.28","elite","AS7552","VN","Viettel Corporation","395","VIETEL","5678","socks4","4004","1","2024-01-08T16:36:39.337Z","87","4859","5583"
"5.58.53.216","elite","AS16223","UA","Columbus","40","Lanet Network Ltd","1085","socks4","4411","1","2024-01-08T16:36:39.330Z","97","5435","5624"
"103.70.159.130","elite","AS133720","IN","speednet","112","N/A","5678","socks4","5311","1","2024-01-08T16:36:39.338Z","99","5462","5502"
"197.234.13.2","elite","AS36902","SC","Intelvision","168","Intelvision Ltd","4145","socks4","4692","1","2024-01-08T16:36:39.332Z","99","5432","5470"
"103.47.93.248","elite","AS134058","IN","Broban Internet Services Pvt.ltd","283","Broban  PVT Ltd.","1080","socks4","4700","1","2024-01-08T16:36:36.433Z","99","5497","5554"
"124.41.228.175","elite","AS17501","NP","WorldLink Communications","228","N/A","5678","socks4","4692","1","2024-01-08T16:36:36.430Z","99","5520","5596"
"177.125.206.169","elite","AS262346","BR","FP Telecomunicacoes Ltda","301","FP Telecomunicacoes Ltda","4145","socks4","4894","2","2024-01-08T16:36:36.345Z","75","4139","5523"
"185.6.10.248","elite","AS12552","SE","GlobalConnect AB","32","Internet Vikings International AB","36627","socks5","4608","1","2024-01-08T16:36:33.629Z","100","5616","5618"
"162.12.217.70","elite","AS204902","FR","Weelax","121","XIWO","3629","socks4","4100","2","2024-01-08T16:36:33.440Z","99","5486","5564"
"45.112.125.62","elite","AS58369","ID","FIBERNET","162","N/A","4145","socks5","4212","1","2024-01-08T16:36:30.530Z","99","5589","5638"
"185.162.229.112","elite","AS209242","GB","Cloudflare London, LLC","11","Softconstruct Limited","80","socks4","2795","1","2024-01-08T16:36:30.441Z","100","5578","5579"
"91.198.137.31","elite","AS42927","PL","HOST1","100","Adrian Andreas Zajonz","3580","socks4","4590","1","2024-01-08T16:36:30.627Z","100","5630","5637"
"103.214.112.238","elite","AS136052","ID","PT Cloud Hosting Indonesia","205","PT Denbe Anugerah Solusindo","32323","socks5","5092","1","2024-01-08T16:36:30.536Z","95","5166","5418"
"27.184.132.162","elite","AS4134","CN","Chinanet","195","Chinanet HE","21212","socks5","2801","83","2024-01-08T16:36:30.440Z","52","2790","5401"
"178.63.244.28","elite","AS24940","DE","Hetzner Online GmbH","88","N/A","4003","socks4","4891","2","2024-01-08T16:36:27.730Z","99","5487","5563"
"103.47.93.237","elite","AS134058","IN","Broban Internet Services Pvt.ltd","290","Broban  PVT Ltd.","1080","socks4","4591","2","2024-01-08T16:36:27.629Z","99","5589","5629"
"194.31.55.41","elite","AS47583","LT","Hostinger International Limited","95","Hostinger International Limited","80","socks4","2106","1","2024-01-08T16:36:27.635Z","100","5482","5486"
"113.110.23.229","elite","AS4134","CN","Chinanet","290","Chinanet GD","44844","socks4","5195","1","2024-01-08T16:36:27.632Z","38","2102","5598"
"104.18.254.76","elite","AS13335","CA","Cloudflare, Inc.","3","Cloudflare, Inc.","80","socks4","1508","1","2024-01-08T16:36:27.628Z","100","5557","5559"
"103.12.246.105","elite","AS134941","IN","Instant Cable Network PVT LTD","288","Instant Cable Network PVT LTD","4145","socks4","4895","1","2024-01-08T16:36:24.037Z","99","5533","5564"
"93.90.212.2","elite","AS44963","RU","Stavtelecom LLC","88","JSC KMVtelecom network","4153","socks4","4910","1","2024-01-08T16:36:24.036Z","100","5580","5592"
"1.0.136.138","elite","AS23969","TH","TOT Public Company Limited","153","TOT Public Company Limited","4145","socks4","5098","1","2024-01-08T16:36:24.129Z","48","2659","5505"
"115.242.204.122","elite","AS55836","IN","Reliance Jio Infocomm Limited","199","Reliance Jio Infocomm Limited","5678","socks4","184","30001","2024-01-08T16:36:24.130Z","100","1","1"
"185.169.181.26","elite","AS34984","TR","Ates Dc","56","Ibrahim MALA trading as Ates Dc","4145","socks4","4794","1","2024-01-08T16:36:21.041Z","100","5493","5502"
"15.235.141.35","elite","AS16276","SG","OVH SAS","193","OVH Singapore PTE. LTD","51921","socks4","4591","1","2024-01-08T16:36:21.040Z","94","5124","5475"
"89.237.35.10","elite","AS20485","RU","multi-origin SUTTK","71","N/A","51549","socks4","1096","1","2024-01-08T16:36:20.936Z","99","5555","5616"
"103.59.203.177","elite","AS134014","IN","NET 4 U SERVICES PVT LTD","133","NET 4 U Services PVT LTD","4145","socks4","3699","1","2024-01-08T16:36:20.939Z","99","5476","5518"
"119.115.28.112","elite","AS4837","CN","CNC Group CHINA169 Liaoning Province Network","182","N/A","3128","socks4","5107","1","2024-01-08T16:36:20.935Z","68","3730","5509"
"110.76.129.229","elite","AS59362","BD","KS Network Limited","195","N/A","5678","socks4","4608","1","2024-01-08T16:36:20.932Z","99","5538","5616"
"149.28.13.113","elite","AS20473","US","The Constant Company","197","Vultr Holdings, LLC","10786","socks4","4396","1","2024-01-08T16:36:20.938Z","65","3518","5417"
"202.21.127.6","elite","AS9484","MN","Mobinet LLC","113","N/A","5678","socks4","4092","1","2024-01-08T16:36:20.941Z","98","5482","5612"
"103.77.10.98","elite","AS135632","PK","Cactus Network Solutions (CNS) Pvt Ltd","196","Cactus Network Solutions (CNS) Pvt Ltd","5678","socks4","4990","1","2024-01-08T16:36:20.942Z","31","1707","5485"
"196.196.160.211","elite","AS57858","IT","Angelnet Limited","35","Fiber Grid","80","socks4","4600","2","2024-01-08T16:36:20.930Z","98","5460","5600"
"178.212.199.95","elite","AS39065","UA","Southern Telecommunication Company Ltd.","56","SOHONET","1099","socks4","4106","85","2024-01-08T16:36:18.336Z","93","5115","5525"
"36.66.173.145","elite","AS7713","ID","PT. Telekomunikasi Indonesia","184","N/A","45685","socks4","1321","1","2024-01-08T16:36:18.328Z","97","5356","5541"
"103.51.44.5","elite","AS133819","ID","CIM","213","N/A","4145","socks4","4904","2","2024-01-08T16:36:18.330Z","99","5578","5622"
"103.51.44.41","elite","AS133819","ID","CIM","289","N/A","4145","socks4","4096","1","2024-01-08T16:36:18.333Z","99","5470","5519"
"123.120.7.18","elite","AS4808","CN","China Unicom Beijing Province Network","235","N/A","8909","socks4","4988","1","2024-01-08T16:36:15.834Z","44","2422","5513"
"81.150.169.217","elite","AS2856","GB","BT Public Internet Service","95","N/A","5678","socks4","2603","1","2024-01-08T16:36:15.833Z","100","5603","5619"
"47.254.241.21","elite","AS45102","MY","Alibaba (US) Technology Co., Ltd.","150","Alibaba.com LLC","21491","socks4","4010","1","2024-01-08T16:36:15.829Z","93","5125","5494"
"177.38.5.137","elite","AS52964","BR","FÔBIO MENDES DIAS LTDA ME","203","FÁBIO MENDES DIAS LTDA ME","4153","socks4","3800","1","2024-01-08T16:36:12.843Z","95","5265","5524"
"177.38.245.107","elite","AS52974","BR","Henet Telecomunicacoes Ltda","208","Ricardo Dias Monteiro","55713","socks4","1400","1","2024-01-08T16:36:12.846Z","14","789","5559"
"61.177.74.118","elite","AS4134","CN","Chinanet","192","Changzhou JT Newcentury Corp","20001","socks5","4291","1","2024-01-08T16:36:12.931Z","88","4871","5549"
"179.60.243.38","elite","AS262215","CO","ITELKOM","162","ITELKOM","48699","socks4","4604","1","2024-01-08T16:36:09.648Z","99","5554","5582"
"185.75.110.50","elite","AS196865","IT","Aircomm S.r.l.","82","N/A","43837","socks4","3411","1","2024-01-08T16:36:09.738Z","60","3290","5525"
"170.80.91.13","elite","AS264820","CR","Corebases S.A","184","Corebases S.A","4145","socks4","4499","86","2024-01-08T16:36:09.645Z","100","5601","5620"
"124.222.119.189","elite","AS45090","CN","China Internet Network Information Center","289","Tencent cloud computing (Beijing) Co., Ltd.","2080","socks5","541","1","2024-01-08T16:36:07.038Z","70","3888","5550"
"193.252.50.1","elite","AS3215","FR","Orange","11","N/A","3820","socks5","4295","1","2024-01-08T16:36:07.129Z","93","5169","5573"
"187.95.82.38","elite","AS262696","BR","Turbonet Telecomunicações","190","Turbonet Telecomunicações","3629","socks4","5096","1","2024-01-08T16:36:07.027Z","97","5479","5628"
"51.83.34.150","elite","AS16276","FR","OVH SAS","8","OVH","34214","socks5","4794","1","2024-01-08T16:36:07.127Z","100","5487","5493"
"190.109.72.17","elite","AS264231","BR","RG.COM - INFORMATICA & COMUNICACAO LTDA - ME","285","RG.COM - INFORMATICA & COMUNICACAO LTDA - ME","33633","socks4","3802","1","2024-01-08T16:36:06.946Z","98","5497","5591"
"78.37.27.139","elite","AS12389","RU","Rostelecom networks","93","OJSC North-West Telecom","56228","socks4","3991","83","2024-01-08T16:36:06.939Z","100","5461","5471"
"203.99.57.145","elite","AS23674","PK","Nayatel (Pvt) Ltd","169","Micronet","5678","socks4","3701","1","2024-01-08T16:36:06.943Z","100","5541","5553"
"108.175.24.1","elite","AS33258","US","Computer Solutions","111","Computer Solutions","13135","socks4","1692","1","2024-01-08T16:36:04.244Z","99","5619","5657"
"149.20.253.250","elite","AS18615","US","Mainstream Fiber Networks, LLC","101","Mainstream Fiber Networks, LLC","12551","socks4","3506","77","2024-01-08T16:36:04.338Z","100","5429","5441"
"84.38.189.241","elite","AS49505","RU","OOO \"Network of data-centers \"Selectel\"","42","N/A","30073","socks4","5097","1","2024-01-08T16:36:04.336Z","98","5425","5562"
"70.32.25.146","elite","AS55293","US","A2 Hosting, Inc.","89","A2 Hosting, Inc.","36546","socks4","4106","1","2024-01-08T16:36:01.130Z","100","5451","5460"
"213.226.16.46","elite","AS8717","BG","Mobiltel EAD","43","N/A","51372","socks4","4892","2","2024-01-08T16:36:01.127Z","99","5411","5485"
"110.34.166.180","elite","AS45652","SG","VPLS-SIN","289","Vpls Sin1","4153","socks4","5003","1","2024-01-08T16:36:00.540Z","99","5526","5571"
"202.142.167.210","elite","AS9260","PK","Multinet Broadband","127","Multinet Broadband","1080","socks4","4385","1","2024-01-08T16:36:00.631Z","97","5427","5600"
"114.134.90.43","elite","AS38031","BD","OptiMax Communication Ltd","187","Cable modem client group","5678","socks4","5100","1","2024-01-08T16:36:00.938Z","87","4861","5593"
"95.179.157.22","elite","AS20473","NL","The Constant Company, LLC","36","Vultr Holdings LLC Amsterdam","17979","socks5","271","1","2024-01-08T16:36:00.529Z","100","1","1"
"36.90.62.85","elite","AS7713","ID","PT. Telekomunikasi Indonesia","193","Telekomunikasi Indonesia","4145","socks5","4205","1","2024-01-08T16:36:00.528Z","66","3707","5602"
"173.245.49.27","elite","AS13335","FR","Cloudflare, Inc.","2","Cloudflare, Inc.","80","socks4","4808","1","2024-01-08T16:36:00.539Z","100","5524","5524"
"51.83.135.35","elite","AS16276","PL","OVH SAS","58","OVH Sp. z o. o","2846","socks4","4705","81","2024-01-08T16:35:57.536Z","92","5063","5519"
"89.237.34.193","elite","AS20485","RU","multi-origin SUTTK","67","N/A","51549","socks4","5004","1","2024-01-08T16:35:57.534Z","99","5554","5606"
"103.54.148.34","elite","AS134128","BD","Mega Speed","201","N/A","1080","socks4","4502","1","2024-01-08T16:35:57.539Z","99","5488","5552"
"128.111.52.64","elite","AS131","US","University of California, Santa Barbara","192","University of California, Santa Barbara","33333","socks4","4701","1","2024-01-08T16:35:57.538Z","54","2926","5468"
"182.160.124.106","elite","AS24323","BD","Aamra Networks Limited","391","N/A","5678","socks4","2915","1","2024-01-08T16:35:57.541Z","90","4927","5473"
"69.27.150.166","elite","AS394541","US","Professional Value Internet Services, Inc","137","KAMO Electric Cooperative","5678","socks4","3094","1","2024-01-08T16:35:57.531Z","99","5436","5502"
"181.65.121.34","elite","AS6147","PE","TDP-GRS","192","PE-TDP-GRS","8080","socks4","4309","1","2024-01-08T16:35:54.140Z","100","5514","5523"
"213.96.98.213","elite","AS3352","ES","Telefonica De Espana SAU","21","TDENET (Red de servicios IP)","15724","socks4","4094","1","2024-01-08T16:35:54.148Z","99","5432","5481"
"46.227.37.185","elite","AS51155","PL","Telemedian - TB Telecom","40","Telemedian","1088","socks4","4404","1","2024-01-08T16:35:54.239Z","100","5530","5548"
"128.199.150.158","elite","AS14061","SG","DigitalOcean, LLC","196","DigitalOcean, LLC","3128","socks5","4493","1","2024-01-08T16:35:54.147Z","100","5494","5500"
"47.243.207.3","elite","AS45102","HK","Alibaba (US) Technology Co., Ltd.","300","Alibaba.com LLC","33967","socks5","336","1","2024-01-08T16:35:54.142Z","76","4201","5501"
"117.7.131.208","elite","AS7552","VN","Viettel Group","255","VIETTEL","3128","socks5","4009","6","2024-01-08T16:35:54.139Z","68","3741","5540"
"41.191.203.89","elite","AS37057","LS","ENTERPRISE","191","N/A","5678","socks4","590","1","2024-01-08T16:35:54.137Z","98","5541","5645"
"192.210.148.89","elite","AS36352","US","ColoCrossing","143","RackNerd LLC","80","socks4","3585","1","2024-01-08T16:35:54.149Z","100","5441","5449"
"103.239.200.226","elite","AS17970","PH","Sky Cable Corporation","286","TRI PH","1337","socks4","4899","1","2024-01-08T16:35:51.228Z","89","4973","5606"
"104.16.105.15","elite","AS13335","CA","Cloudflare, Inc.","4","Cloudflare, Inc.","80","socks4","4510","1","2024-01-08T16:35:51.230Z","100","5619","5620"
"154.113.161.1","elite","AS37282","NG","Mainone Cable Company","199","Mainone Cable Company","5678","socks4","5001","1","2024-01-08T16:35:51.234Z","100","5573","5590"
"186.251.255.73","elite","AS267513","BR","Seanet Telecom Carazinho Eireli","203","Seanet Telecom Carazinho Eireli","31337","socks4","1794","1","2024-01-08T16:35:48.543Z","99","5579","5609"
"178.249.218.34","elite","AS44219","IT","ICCOM s.r.l.","98","N/A","5678","socks5","4991","1","2024-01-08T16:35:48.629Z","95","5276","5547"
"105.27.199.218","elite","AS37100","ZA","SEACOM Limited","149","Seacom Assignments","5678","socks4","5087","1","2024-01-08T16:35:48.730Z","98","5437","5573"
"38.127.179.19","elite","AS174","US","Cogent Communications","78","Torlandia Trading SRL","55994","socks5","4413","1","2024-01-08T16:35:48.732Z","100","5559","5566"
"180.183.1.188","elite","AS45629","TH","Triple T Broadband Public Company Limited","190","Triple T Broadband Public Company Limited","4145","socks4","2695","1","2024-01-08T16:35:48.628Z","98","5367","5489"
"186.226.145.228","elite","AS28343","BR","Unifique Telecomunicações SA","201","UNIFIQUE TELECOMUNICACOES S/A","4145","socks4","4801","1","2024-01-08T16:35:46.041Z","100","5626","5645"
"178.128.151.87","elite","AS14061","US","DigitalOcean, LLC","99","Digitalocean","40081","socks5","4398","1","2024-01-08T16:35:46.133Z","100","5578","5601"
"116.9.163.205","elite","AS4134","CN","Chinanet","228","Chinanet GX","5678","socks4","4107","1","2024-01-08T16:35:46.042Z","52","2899","5558"
"31.172.66.22","elite","AS49063","RU","FORNEX","48","Fornex Hosting S.L.","20466","socks4","5084","1","2024-01-08T16:35:46.135Z","100","5574","5578"
"180.210.222.161","elite","AS203363","GB","Mohammad Saydur Rahman Zia","14","N/A","1080","socks4","2487","82","2024-01-08T16:35:46.131Z","41","2289","5588"
"139.180.146.114","elite","AS20473","SG","Choopa","167","N/A","34959","socks4","3693","1","2024-01-08T16:35:46.034Z","77","4275","5534"
"110.34.166.185","elite","AS45652","SG","Krypt Technologies","330","Vpls Sin1","4153","socks4","571","1","2024-01-08T16:35:46.037Z","99","5567","5640"
"222.124.130.197","elite","AS7713","ID","Telekomunikasi Indonesia","195","PT. TELKOM INDONESIA","4145","socks4","4502","2","2024-01-08T16:35:46.030Z","80","4417","5538"
"45.226.2.1","elite","AS266987","BR","Web - Link Telecomunicações e Engenharia","212","Web - Link Telecomunicações e Engenharia","4153","socks4","4299","1","2024-01-08T16:35:46.032Z","100","5574","5594"
"154.70.151.73","elite","AS327716","BW","Microteck Enterprises (Pty) Ltd.","215","microteck 4G","5678","socks4","2699","1","2024-01-08T16:35:46.039Z","97","5348","5507"
"41.60.235.140","elite","AS30844","KE","Maintainer Liquid Telecommunications Operations Limited","176","Liquid Telecommunications Operations Limited","55300","socks4","181","1","2024-01-08T16:35:43.134Z","84","4682","5553"
"41.73.253.234","elite","AS16284","NG","VBN","198","N/A","4145","socks4","5088","1","2024-01-08T16:35:43.146Z","58","3267","5603"
"185.82.238.203","elite","AS34093","CZ","Nordic Telecom Regional s.r.o.","72","PPPoE public","5678","socks4","5097","1","2024-01-08T16:35:43.140Z","99","5539","5610"
"103.86.200.48","elite","AS136416","BD","Sorob IT LTD","243","Sorob IT LTD","5678","socks5","3993","1","2024-01-08T16:35:43.143Z","98","5370","5488"
"5.161.100.145","elite","AS213230","US","Hetzner Online GmbH","99","HETZNER-DC","1080","socks5","4883","1","2024-01-08T16:35:43.145Z","82","4467","5441"
"104.129.192.34","elite","AS22616","US","ZSCALER, INC.","198","Zscaler, Inc.","8800","socks4","4904","1","2024-01-08T16:35:43.139Z","98","5485","5603"
"5.9.149.69","elite","AS24940","DE","Hetzner Online GmbH","24","Hetzner","24940","socks5","4000","1","2024-01-08T16:35:40.249Z","100","5475","5475"
"103.81.12.1","elite","AS135792","IN","Syswall Telecom Pvt. Ltd.","159","Syswall Telecom Pvt. Ltd.","44832","socks4","4396","3","2024-01-08T16:35:40.236Z","100","5582","5598"
"190.61.61.70","elite","AS52468","CO","Ufinet Panama S.A.","137","UFINET COLOMBIA, S. A","5678","socks4","4102","1","2024-01-08T16:35:40.232Z","85","4818","5668"
"46.148.163.119","elite","AS197405","PL","Tomkow Sp. z o.o.","45","Tomkow Sp. z o.o","5678","socks4","3288","1","2024-01-08T16:35:40.250Z","99","5462","5542"
"110.78.146.161","elite","AS131090","TH","CAT-BB","203","N/A","4145","socks4","5111","1","2024-01-08T16:35:40.145Z","89","4901","5490"
"43.154.173.221","elite","AS132203","HK","Shenzhen Tencent Computer Systems Company Limited","243","Tencent Cloud Computing","1080","socks4","4992","1","2024-01-08T16:35:40.147Z","98","5519","5655"
"27.123.3.138","elite","AS45706","ID","PT Tele Globe Global","293","N/A","4145","socks4","4999","1","2024-01-08T16:35:40.144Z","99","5577","5637"
"177.93.76.26","elite","AS263163","BR","JR LINK PROVEDOR DE INTERNET VIA RARIO LTDA","175","JR LINK PROVEDOR DE INTERNET VIA RARIO LTDA","4153","socks4","4909","1","2024-01-08T16:35:37.039Z","99","5557","5614"
"116.203.227.24","elite","AS24940","DE","Hetzner Online GmbH","15","Hetzner","24940","socks4","4993","1","2024-01-08T16:35:37.045Z","97","5368","5544"
"200.115.188.52","elite","AS52422","HN","Velco Globalnetwork","132","Velco Globalnetwork","8080","socks4","4601","1","2024-01-08T16:35:37.040Z","99","5476","5536"
"8.218.134.238","elite","AS45102","HK","Alibaba (US) Technology Co., Ltd.","301","Alibaba.com Singapore E-Commerce Private Limited","10802","socks5","4693","1","2024-01-08T16:35:37.046Z","79","4423","5571"
"84.241.22.125","elite","AS31549","IR","SHATEL Network","195","Shatel Group","4145","socks5","3792","82","2024-01-08T16:35:37.038Z","91","5056","5551"
"143.255.176.161","elite","AS264641","CL","LanProject SPA","284","LanProject SPA","4153","socks4","3410","1","2024-01-08T16:35:37.042Z","100","5645","5666"
"208.113.222.132","elite","AS26347","US","New Dream Network, LLC","85","New Dream Network, LLC","44175","socks4","199","4","2024-01-08T16:35:37.043Z","100","1","1"
"103.120.49.99","elite","AS135406","AU","BCD NETWORKS PTY LTD","240","BCD NETWORKS PTY LTD","8080","socks4","4409","1","2024-01-08T16:35:34.045Z","99","5442","5518"
"138.68.135.103","elite","AS14061","GB","DigitalOcean, LLC","83","DigitalOcean, LLC","3128","socks5","1908","1","2024-01-08T16:35:34.132Z","95","5202","5504"
"185.125.253.218","elite","AS49100","IR","PTE","95","N/A","1080","socks4","3492","2","2024-01-08T16:35:34.130Z","98","5363","5489"
"202.159.35.25","elite","AS9340","ID","PT IndoInternet","163","N/A","443","socks4","4697","1","2024-01-08T16:35:31.441Z","99","5544","5599"
"117.93.115.31","elite","AS4134","CN","Chinanet","226","Chinanet JS","28643","socks4","811","1","2024-01-08T16:35:31.349Z","69","3872","5628"
"202.159.30.81","elite","AS9340","ID","PT IndoInternet","182","N/A","443","socks4","4489","1","2024-01-08T16:35:31.442Z","99","5429","5467"
"128.65.176.170","elite","AS43754","IR","Asiatech Data Transmission company","153","Asiatech Data Transmission Co.","80","socks5","4197","1","2024-01-08T16:35:31.347Z","95","5236","5534"
"61.4.234.239","elite","AS18313","KR","LG HelloVision Corp.","278","HVBuk-incheon","8080","socks5","4499","1","2024-01-08T16:35:28.629Z","92","5217","5663"
"140.250.148.19","elite","AS4134","CN","Chinanet","198","Chinanet SD","1080","socks4","4390","1","2024-01-08T16:35:28.443Z","79","4402","5545"
"38.127.172.169","elite","AS174","US","Cogent Communications","79","Torlandia Trading SRL","54291","socks4","4813","1","2024-01-08T16:35:28.643Z","100","5520","5530"
"113.160.16.142","elite","AS45899","VN","VietNam Post and Telecom Corporation","213","Vietnam Posts and Telecommunications Group","5678","socks4","4004","1","2024-01-08T16:35:28.527Z","95","5310","5608"
"103.77.227.161","elite","AS64298","ID","UPN Veteran Surabaya","194","UPN Veteran Surabaya","4153","socks4","3086","1","2024-01-08T16:35:28.646Z","95","5357","5612"
"179.191.12.97","elite","AS265440","BR","Telnet Sistemas e Comunicações","292","Telnet Sistemas e Comunicações","4153","socks4","3499","1","2024-01-08T16:35:28.528Z","97","5484","5654"
"36.89.218.67","elite","AS7713","ID","PT. Telekomunikasi Indonesia","221","Telekomunikasi Indonesia","1080","socks4","4499","80","2024-01-08T16:35:28.645Z","99","5500","5545"
"202.44.228.64","elite","AS4618","TH","Internet Thailand Company Ltd.","300","Internet Thailand Company Limited","4153","socks4","4999","1","2024-01-08T16:35:28.631Z","16","875","5530"
"103.12.246.65","elite","AS134941","IN","Instant Cable Network PVT LTD","284","Instant Cable Network PVT LTD","4145","socks4","4109","1","2024-01-08T16:35:25.628Z","99","5546","5584"
"183.177.127.42","elite","AS55341","IN","51/A RACHNA MIDAS GOKULPETH","141","N/A","5678","socks4","5298","1","2024-01-08T16:35:25.634Z","55","3099","5642"
"118.174.52.122","elite","AS23969","TH","TOT Public Company Limited","161","TOT Public Company Limited","5678","socks4","420","1","2024-01-08T16:35:25.637Z","52","2942","5639"
"186.251.255.209","elite","AS267513","BR","Seanet Telecom Carazinho Eireli","202","Seanet Telecom Carazinho Eireli","26751","socks4","5098","1","2024-01-08T16:35:25.546Z","99","5600","5632"
"123.57.246.163","elite","AS37963","CN","Hangzhou Alibaba Advertising Co","192","Aliyun Computing Co., LTD","8118","socks4","3901","1","2024-01-08T16:35:25.627Z","84","4655","5558"
"103.87.24.34","elite","AS136287","IN","Falconet Internet Pvt. Ltd","285","N/A","2178","socks4","4091","1","2024-01-08T16:35:25.632Z","99","5556","5602"
"102.176.160.70","elite","AS37612","GN","2nd RO","119","N/A","5678","socks4","4808","1","2024-01-08T16:35:25.639Z","79","4396","5532"
"213.168.250.121","elite","AS63949","GB","Akamai Technologies, Inc.","10","Linode, LLC","40418","socks5","3211","1","2024-01-08T16:35:22.336Z","89","4823","5422"
"180.183.64.159","elite","AS45629","TH","Triple T Broadband Public Company Limited","168","Triple T Broadband Public Company Limited","5678","socks4","3692","1","2024-01-08T16:35:22.426Z","93","5141","5523"
"209.145.51.228","elite","AS40021","US","Nubes, LLC","105","Contabo Inc","46438","socks4","3894","80","2024-01-08T16:35:22.344Z","82","4485","5487"
"203.23.104.167","elite","AS209242","CY","Cloudflare London, LLC","12","Lachtaristo Holdings Limited","80","socks5","2195","1","2024-01-08T16:35:22.339Z","100","5630","5630"
"103.47.216.19","elite","AS133692","IN","Fastnet Communication Pvt. Ltd","167","Fastnet Communication Pvt. Ltd.","4145","socks4","4791","1","2024-01-08T16:35:22.335Z","98","5542","5630"
"123.145.4.15","elite","AS4837","CN","CNC Group CHINA169 Chongqing Province Network","196","N/A","53309","socks5","3693","1","2024-01-08T16:35:22.338Z","54","3035","5602"
"51.255.219.244","elite","AS16276","FR","OVH SAS","6","berdin stephane","7497","socks5","4703","1","2024-01-08T16:35:22.438Z","100","5577","5581"
"177.66.195.114","elite","AS262503","BR","Wiki Telecomunicacoes Eireli","284","Maranhão Telecom ltda ME","4145","socks4","3789","1","2024-01-08T16:35:22.342Z","99","5536","5601"
"111.223.3.83","elite","AS133989","IN","SBR Telecom Pvt. Ltd","262","SBR Telecom Pvt. Ltd","4145","socks4","5105","1","2024-01-08T16:35:19.128Z","99","5612","5648"
"182.53.129.19","elite","AS23969","TH","TOT Public Company Limited","155","TOT Public Company Limited","5678","socks4","4605","1","2024-01-08T16:35:19.130Z","46","2535","5495"
"185.186.17.57","elite","AS57723","PL","Media Telekom Sp. z o.o.","60","Media Telekom Sp. z o.o","5678","socks4","1806","1","2024-01-08T16:35:19.137Z","96","5367","5589"
"64.225.28.168","elite","AS14061","US","DigitalOcean, LLC","86","DigitalOcean, LLC","38461","socks4","3008","1","2024-01-08T16:35:19.139Z","93","5098","5491"
"1.0.136.76","elite","AS23969","TH","TOT Public Company Limited","156","TOT Public Company Limited","4145","socks4","5000","1","2024-01-08T16:35:19.135Z","52","2910","5579"
"66.228.38.127","elite","AS63949","US","Akamai Technologies, Inc.","96","Linode","11797","socks4","5002","1","2024-01-08T16:35:19.233Z","69","3797","5479"
"50.116.60.163","elite","AS63949","US","Akamai Technologies, Inc.","98","Linode","37170","socks4","4896","81","2024-01-08T16:35:19.126Z","98","5397","5503"
"183.81.156.225","elite","AS24527","ID","Internet Service Provider","168","POP Jepara","5678","socks4","4497","4","2024-01-08T16:35:16.933Z","99","5568","5598"
"185.204.197.25","elite","AS60631","IR","Pars Parva System LLC","90","Pars Parva System LLC","8080","socks4","4998","1","2024-01-08T16:35:16.926Z","97","5366","5527"
"131.221.64.152","elite","AS265798","AR","Level Seven SRL","293","Level Seven SRL","2350","socks4","4904","1","2024-01-08T16:35:16.931Z","88","4756","5386"
"190.103.29.101","elite","AS264628","VE","CORPORACION FIBEX TELECOM, C.A.","146","N/A","4145","socks4","2301","1","2024-01-08T16:35:16.929Z","97","5464","5610"
"61.7.138.226","elite","AS131090","TH","CAT Telecom Public Company Limited","190","National Telecom Public Company Limited","4145","socks4","4009","1","2024-01-08T16:35:16.932Z","68","3745","5486"
"217.219.73.251","elite","AS58224","IR","Area","113","N/A","1080","socks4","3807","85","2024-01-08T16:35:16.849Z","79","4366","5531"
"121.13.252.60","elite","AS4134","CN","Chinanet","209","Chinanet GD","61401","socks4","4396","1","2024-01-08T16:35:14.130Z","86","4687","5474"
"51.210.249.202","elite","AS16276","FR","OVH SAS","6","OVH","29439","socks4","2592","1","2024-01-08T16:35:14.227Z","100","5531","5536"
"178.62.63.229","elite","AS14061","GB","DigitalOcean, LLC","92","Digital Ocean","20682","socks4","4498","1","2024-01-08T16:35:14.228Z","87","4824","5547"
"171.80.186.146","elite","AS4134","CN","Chinanet","206","Chinanet HB","3256","socks4","4103","1","2024-01-08T16:35:14.131Z","35","1912","5532"
"74.95.1.114","elite","AS33651","US","Comcast Cable Communications","160","Budget INN SAN Leandro","33108","socks4","3299","1","2024-01-08T16:35:11.141Z","99","5512","5570"
"186.251.254.253","elite","AS267513","BR","Seanet Telecom Carazinho Eireli","204","Seanet Telecom Carazinho Eireli","26751","socks4","4907","1","2024-01-08T16:35:11.228Z","100","5557","5577"
"160.16.233.90","elite","AS9370","JP","SAKURA Internet Inc.","293","SAKURA","3128","socks4","4310","1","2024-01-08T16:35:11.145Z","100","5543","5547"
"178.128.49.205","elite","AS14061","SG","DigitalOcean, LLC","163","Digitalocean","80","socks4","5013","81","2024-01-08T16:35:11.139Z","100","5551","5555"
"70.126.33.226","elite","AS33363","US","Charter Communications","185","Spectrum","47370","socks4","3316","1","2024-01-08T16:35:11.229Z","95","5273","5571"
"104.129.199.34","elite","AS22616","US","ZSCALER, INC.","191","Zscaler, Inc.","8800","socks4","4305","1","2024-01-08T16:35:11.137Z","97","5351","5498"
"103.141.148.62","elite","AS138890","ID","PT Acehlink Media","284","N/A","5678","socks4","4599","1","2024-01-08T16:35:11.230Z","99","5557","5605"